"","GEOID10","STATEFP10","PUMACE10","NAMELSAD10","MTFCC10","FUNCSTAT10","ALAND10","AWATER10","INTPTLAT10","INTPTLON10","Shape_Leng","Shape_Area","Dest_pt_count","Origin_pt_count","Avg_Euc_Dist_Mi","Avg_tweetTime","Avg_RtDist_Mi","Avg_RtTime_min","Population_est","area_sq_km","area_sq_mi","pop_density_per_sq_mi","pop_density_fmt","Inc_per_household","inc.fmt","Vehicles_available","Veh_avail_per_person","Veh_avail_per_person_per_sqmi","Vehicles_available_PP_fmt","Male_pop","Female_pop","age_20_44","age_45_69","age_70_plus","Male_per_sq_mi","Female_per_sq_mi","age_20_44_per_sq_mi","age_45_69_per_sq_mi","age_70_plus_per_sq_mi","Male_per_sq_mi_fmt","Female_per_sq_mi_fmt","age_20_44_per_sq_mi_fmt","age_45_69_per_sq_mi_fmt","age_70_plus_per_sq_mi_fmt","Pop_25_older","25_AssociatedDeg_orHigher","Perc_25o_assc_above","Perc_25o_assc_above_fmt","Race_pop_est","Race_White","Race_Black","Race_Asian","Race_Hispanic","Perc_White","Perc_Black","Perc_Asian","Perc_Hispanic","Perc_White_fmt","Perc_Black_fmt","Perc_Asian_fmt","Perc_Hispanic_fmt"
"74","0605912","06","05912","Orange County (Northwest)--Westminster, Stanton & Garden Grove (West) Cities PUMA","G6120","S",48594228,0,"+33.7678929","-117.9976546",0.416680384477,0.00472939360944,1,0,26.9,66,32.8,40,171942,48.594228,18.7623226344503,9164,"9,164",51411,"$ 51,411",105640,0.614393225622594,11.5277171540812,"0.6143932",84199,87743,56920,54337,18609,4488,4677,3034,2896,992,"4,488","4,677","3,034","2,896","992",118493,38373,32.38,"32.38 %",171942,45845,2147,66564,51909,26.66,1.25,38.71,30.19,"26.66 %","1.25 %","38.71 %","30.19 %"
"62","0603763","06","03763","Los Angeles County (South Central)--Long Beach City (North) PUMA","G6120","S",34443649,771919,"+33.8493465","-118.1854060",0.316554033315,0.00343050633975,0,0,0,0,0,0,146808,34.443649,13.2987575241603,11039,"11,039",44314,"$ 44,314",81330,0.553988883439595,7.36751517347586,"0.5539889",71539,75269,54045,40245,9107,5379,5660,4064,3026,685,"5,379","5,660","4,064","3,026","685",91988,25973,28.24,"28.24 %",146808,21509,25820,19294,73642,14.65,17.59,13.14,50.16,"14.65 %","17.59 %","13.14 %","50.16 %"
"61","0603762","06","03762","Los Angeles County (South Central)--Carson City PUMA","G6120","S",54700156,664647,"+33.8335707","-118.2577368",0.400299299382,0.00539249058856,5,0,10.1,687,13.9,23,114487,54.700156,21.1198328951077,5421,"5,421",32661,"$ 32,661",71984,0.628752609466577,13.2787308614647,"0.6287526",55904,58583,38114,36372,13581,2647,2774,1805,1722,643,"2,647","2,774","1,805","1,722","643",79455,28933,36.41,"36.41 %",114487,10482,23166,31540,43360,9.16,20.23,27.55,37.87,"9.16 %","20.23 %","27.55 %","37.87 %"
"28","0603729","06","03729","Los Angeles County (West Central)--LA City (West Central/Westwood & West Los Angeles) PUMA","G6120","S",41760446,41058,"+34.0400161","-118.4317918",0.375258743714,0.00408109629154,53,0,6.3,334,8.3,19,206636,41.760446,16.1237865783266,12816,"12,816",87459,"$ 87,459",129414,0.626289707504985,10.0978464419476,"0.6262897",101943,104693,100421,48604,18397,6323,6493,6228,3014,1141,"6,323","6,493","6,228","3,014","1,141",142611,98408,69,"69 %",206636,107593,8859,43165,37005,52.07,4.29,20.89,17.91,"52.07 %","4.29 %","20.89 %","17.91 %"
"23","0603724","06","03724","Los Angeles County (Northwest)--LA City (Northwest/Encino & Tarzana) PUMA","G6120","S",77097711,921592,"+34.1749120","-118.5240932",0.492390049636,0.00762887758273,0,0,0,0,0,0,179317,77.097711,29.7675709172622,6024,"6,024",60990,"$ 60,990",114247,0.637123083700932,18.9653054448871,"0.6371231",87810,91507,62816,56402,18222,2950,3074,2110,1895,612,"2,950","3,074","2,110","1,895","612",126636,54413,42.97,"42.97 %",179317,85554,6961,17501,63254,47.71,3.88,9.76,35.27,"47.71 %","3.88 %","9.76 %","35.27 %"
"45","0603746","06","03746","Los Angeles County--LA City (Central/Univ. of Southern California & Exposition Park) PUMA","G6120","S",14312351,0,"+34.0289429","-118.2981147",0.156891958572,0.00139712964582,0,0,0,0,0,0,114531,14.312351,5.52602558311036,20726,"20,726",31791,"$ 31,791",41712,0.364198339314247,2.01254462993342,"0.3641983",56242,58289,49471,26296,7038,10178,10548,8952,4759,1274,"10,178","10,548","8,952","4,759","1,274",64876,13029,20.08,"20.08 %",114531,10943,17192,13400,70467,9.55,15.01,11.7,61.53,"9.55 %","15.01 %","11.7 %","61.53 %"
"20","0603721","06","03721","Los Angeles County (North)--LA City (Northeast/North Hollywood & Valley Village) PUMA","G6120","S",26703596,53108,"+34.1785029","-118.3872082",0.246819923416,0.00261645074887,0,0,0,0,0,0,135866,26.703596,10.3103085340098,13178,"13,178",53393,"$ 53,393",81373,0.598920995686927,6.17491273334345,"0.598921",68016,67850,61020,37677,9856,6597,6581,5918,3654,956,"6,597","6,581","5,918","3,654","956",97953,40137,40.98,"40.98 %",135866,58582,7475,8880,57061,43.12,5.5,6.54,42,"43.12 %","5.5 %","6.54 %","42 %"
"36","0603737","06","03737","Los Angeles County (Central)--Monterey Park & Rosemead Cities PUMA","G6120","S",37814395,339818,"+34.0575988","-118.1113391",0.419958541129,0.00372570627617,1,0,18.7,979,30.5,41,130828,37.814395,14.6002088811154,8961,"8,961",38562,"$ 38,562",74615,0.57032898156358,8.32663765204776,"0.570329",63823,67005,42382,44600,17200,4371,4589,2903,3055,1178,"4,371","4,589","2,903","3,055","1,178",96015,30602,31.87,"31.87 %",130828,5315,322,82313,40567,4.06,0.25,62.92,31.01,"4.06 %","0.25 %","62.92 %","31.01 %"
"53","0603754","06","03754","Los Angeles County (Southeast)--La Mirada & Santa Fe Springs Cities PUMA","G6120","S",61171337,168539,"+33.9224561","-118.0342281",0.488684274871,0.00598049739849,1,0,16.9,595,18.9,30,142275,61.171337,23.618368024587,6024,"6,024",39561,"$ 39,561",87346,0.613923739237392,14.4996679946879,"0.6139237",69460,72815,49980,41925,13003,2941,3083,2116,1775,551,"2,941","3,083","2,116","1,775","551",92783,26807,28.89,"28.89 %",142275,31153,2215,13917,91005,21.9,1.56,9.78,63.96,"21.9 %","1.56 %","9.78 %","63.96 %"
"54","0603755","06","03755","Los Angeles County (Southeast)--Norwalk City PUMA","G6120","S",29969234,248841,"+33.9047927","-118.0880132",0.360638107393,0.00294563653408,0,0,0,0,0,0,123480,29.969234,11.5711774948938,10671,"10,671",31742,"$ 31,742",70747,0.572942986718497,6.62983787836192,"0.572943",61398,62082,44517,35461,9078,5306,5365,3847,3065,785,"5,306","5,365","3,847","3,065","785",78920,20520,26,"26 %",123480,14444,5245,16537,84930,11.7,4.25,13.39,68.78,"11.7 %","4.25 %","13.39 %","68.78 %"
"51","0603752","06","03752","Los Angeles County (South)--South Gate & Lynwood Cities PUMA","G6120","S",32445893,488783,"+33.9367856","-118.1968162",0.321110504322,0.00321155204006,0,0,0,0,0,0,174687,32.445893,12.5274201830895,13944,"13,944",40537,"$ 40,537",83112,0.475776674852737,5.96041308089501,"0.4757767",85108,89579,68433,42083,9115,6794,7151,5463,3359,728,"6,794","7,151","5,463","3,359","728",104377,12673,12.14,"12.14 %",174687,4636,6957,1214,160893,2.65,3.98,0.69,92.1,"2.65 %","3.98 %","0.69 %","92.1 %"
"41","0603742","06","03742","Los Angeles County (Central)--Huntington Park City, Florence-Graham & Walnut Park PUMA","G6120","S",30965697,450979,"+33.9849068","-118.2232225",0.407101912591,0.00306524780279,1,0,9.5,1162,13.3,23,132717,30.965697,11.9559137293966,11101,"11,101",31624,"$ 31,624",56241,0.423766359999096,5.06630033330331,"0.4237664",66913,65804,50558,32293,6636,5597,5504,4229,2701,555,"5,597","5,504","4,229","2,701","555",77455,6968,9,"9 %",132717,1427,5071,591,124904,1.08,3.82,0.45,94.11,"1.08 %","3.82 %","0.45 %","94.11 %"
"71","0605908","06","05908","Orange County (Northwest)--Buena Park, Cypress & Seal Beach Cities PUMA","G6120","S",89436509,3249204,"+33.8047114","-118.0464802",0.646685494077,0.0090244008093,1,0,22.4,6,27,32,182905,89.436509,34.531603983027,5297,"5,297",60663,"$ 60,663",126388,0.69100352642082,23.8602982820464,"0.6910035",88842,94063,58177,60225,22339,2573,2724,1685,1744,647,"2,573","2,724","1,685","1,744","647",127972,61165,47.8,"47.8 %",182905,69789,6172,48165,51572,38.16,3.37,26.33,28.2,"38.16 %","3.37 %","26.33 %","28.2 %"
"64","0603765","06","03765","Los Angeles County (Southeast)--Long Beach City (East) PUMA","G6120","S",57880320,10127009,"+33.7923987","-118.1238129",0.485126632941,0.00662058958734,1,0,15.8,359,20.1,25,131351,57.88032,22.3477001841706,5878,"5,878",53824,"$ 53,824",98643,0.750987811284269,16.7817284790745,"0.7509878",64580,66771,47647,43553,13020,2890,2988,2132,1949,583,"2,890","2,988","2,132","1,949","583",93886,54537,58.09,"58.09 %",131351,77218,7022,13955,27223,58.79,5.35,10.62,20.73,"58.79 %","5.35 %","10.62 %","20.73 %"
"68","0603769","06","03769","Los Angeles County (Southeast)--Long Beach (Central) & Signal Hill Cities PUMA","G6120","S",14503585,5949938,"+33.7762508","-118.1703632",0.322049519505,0.00199081700653,0,0,0,0,0,0,100609,14.503585,5.59986138942621,17966,"17,966",37729,"$ 37,729",52969,0.52648371418064,2.94829121674274,"0.5264837",49805,50804,43539,26560,4931,8894,9072,7775,4743,881,"8,894","9,072","7,775","4,743","881",66330,21800,32.87,"32.87 %",100609,23265,13204,14522,46473,23.12,13.12,14.43,46.19,"23.12 %","13.12 %","14.43 %","46.19 %"
"65","0603766","06","03766","Los Angeles County (South)--Long Beach City (Southwest & Port) PUMA","G6120","S",29884135,17935638,"+33.7584276","-118.2120651",0.40951997321,0.00465379488227,0,0,0,0,0,0,105284,29.884135,11.5383206112765,9125,"9,125",34203,"$ 34,203",48379,0.459509517115611,5.30180821917808,"0.4595095",52770,52514,41656,27504,5343,4573,4551,3610,2384,463,"4,573","4,551","3,610","2,384","463",66137,17876,27.03,"27.03 %",105284,12732,13491,16777,58079,12.09,12.81,15.93,55.16,"12.09 %","12.81 %","15.93 %","55.16 %"
"66","0603767","06","03767","Los Angeles County (South)--LA City (South/San Pedro) PUMA","G6120","S",66859483,20718785,"+33.7548480","-118.2902290",0.683452599005,0.00852249616684,1,0,15.5,66,21.4,30,186164,66.859483,25.8145718709339,7212,"7,212",59320,"$ 59,320",104614,0.561945381491588,14.5055463117027,"0.5619454",92136,94028,66312,52747,13841,3569,3642,2569,2043,536,"3,569","3,642","2,569","2,043","536",119316,33716,28.26,"28.26 %",186164,37707,11015,15624,115400,20.25,5.92,8.39,61.99,"20.25 %","5.92 %","8.39 %","61.99 %"
"47","0603748","06","03748","Los Angeles County--LA (Southwest/Marina del Rey & Westchester) & Culver City Cities PUMA","G6120","S",75903797,7590142,"+33.9739904","-118.4089812",0.586689973925,0.00814524107455,3,58,6,364,7.1,21,186552,75.903797,29.3065984810752,6366,"6,366",81717,"$ 81,717",135780,0.727839958831854,21.3289349670123,"0.72784",90161,96391,75631,58729,18431,3076,3289,2581,2004,629,"3,076","3,289","2,581","2,004","629",140439,89761,63.91,"63.91 %",186552,89475,27263,23478,36991,47.96,14.61,12.59,19.83,"47.96 %","14.61 %","12.59 %","19.83 %"
"27","0603728","06","03728","Los Angeles County (Southwest)--Santa Monica City PUMA","G6120","S",24804873,1774870,"+34.0182905","-118.4816102",0.228525862257,0.0025943463884,3,0,7.4,102,10.6,26,104380,24.804873,9.57720802010819,10899,"10,899",52346,"$ 52,346",71613,0.686079708756467,6.57060280759703,"0.6860797",51632,52748,44054,32387,11603,5391,5508,4600,3382,1212,"5,391","5,508","4,600","3,382","1,212",82406,58517,71.01,"71.01 %",104380,67478,4648,9468,17776,64.65,4.45,9.07,17.03,"64.65 %","4.45 %","9.07 %","17.03 %"
"26","0603727","06","03727","Los Angeles County (Central)--LA City (Central/Pacific Palisades) PUMA","G6120","S",122940766,1470085,"+34.1081923","-118.4497872",0.815316091659,0.0121559301365,1,0,13.3,203,26.3,38,158250,122.940766,47.4676604928977,3334,"3,334",70974,"$ 70,974",122348,0.77313112164297,36.6970605878824,"0.7731311",75946,82304,57460,52066,18930,1600,1734,1211,1097,399,"1,600","1,734","1,211","1,097","399",120862,88565,73.28,"73.28 %",158250,119721,5958,11104,14672,75.65,3.76,7.02,9.27,"75.65 %","3.76 %","7.02 %","9.27 %"
"24","0603725","06","03725","Los Angeles County--LA City (Northwest/Canoga Park, Winnetka & Woodland Hills) PUMA","G6120","S",66938278,182756,"+34.1819888","-118.6068214",0.457272109189,0.00656384354016,1,0,23.3,66,30.6,46,183001,66.938278,25.8449947683196,7081,"7,081",62896,"$ 62,896",115881,0.633226047945093,16.3650614320011,"0.633226",91163,91838,66334,56868,16877,3527,3553,2567,2200,653,"3,527","3,553","2,567","2,200","653",128698,58634,45.56,"45.56 %",183001,81502,6984,25269,63019,44.54,3.82,13.81,34.44,"44.54 %","3.82 %","13.81 %","34.44 %"
"56","0603757","06","03757","Los Angeles County (South Central)--Compton City & West Rancho Dominguez PUMA","G6120","S",50077092,409117,"+33.8905809","-118.2354568",0.391953718098,0.00492057947269,1,0,10.5,83,14.8,23,162649,50.077092,19.3348592079506,8412,"8,412",39339,"$ 39,339",78139,0.480414881124384,9.28899191631003,"0.4804149",79589,83060,59012,40779,9707,4116,4296,3052,2109,502,"4,116","4,296","3,052","2,109","502",95604,12990,13.59,"13.59 %",162649,2647,49165,1496,107444,1.63,30.23,0.92,66.06,"1.63 %","30.23 %","0.92 %","66.06 %"
"49","0603750","06","03750","Los Angeles County (South Central)--LA City (South Central/Westmont) PUMA","G6120","S",29191117,472,"+33.9683663","-118.2961399",0.347413771745,0.00284760682153,1,0,7,45,11.8,24,176262,29.191117,11.2707450607917,15639,"15,639",52320,"$ 52,320",79667,0.451980574372241,5.09412366519598,"0.4519806",83054,93208,64367,47170,12459,7369,8270,5711,4185,1105,"7,369","8,270","5,711","4,185","1,105",109352,16780,15.34,"15.34 %",176262,2194,63038,1763,106669,1.24,35.76,1,60.52,"1.24 %","35.76 %","1 %","60.52 %"
"46","0603747","06","03747","Los Angeles County (Central)--LA City (Central/West Adams & Baldwin Hills) PUMA","G6120","S",32845355,100982,"+34.0156359","-118.3461548",0.406259499444,0.00321561513757,0,0,0,0,0,0,157711,32.845355,12.6816532110163,12436,"12,436",60309,"$ 60,309",86665,0.549517788866978,6.96888066902541,"0.5495178",73937,83774,59686,48473,13119,5830,6606,4706,3822,1034,"5,830","6,606","4,706","3,822","1,034",109254,32005,29.29,"29.29 %",157711,11596,65808,5651,69554,7.35,41.73,3.58,44.1,"7.35 %","41.73 %","3.58 %","44.1 %"
"77","0611101","06","11101","Ventura County (Southeast)--Simi Valley City PUMA","G6120","S",126160703,2627712,"+34.2610900","-118.7362195",0.75312189804,0.0126060668808,0,0,0,0,0,0,114884,126.160703,48.7108842119082,2358,"2,358",38308,"$ 38,308",85172,0.741373907593747,36.1204410517388,"0.7413739",55746,59138,37122,38983,10441,1144,1214,762,800,214,"1,144","1,214","762","800","214",79106,34268,43.32,"43.32 %",114884,67662,1630,10958,31019,58.9,1.42,9.54,27,"58.9 %","1.42 %","9.54 %","27 %"
"4","0603705","06","03705","Los Angeles County (North)--LA City (Northwest/Chatsworth & Porter Ranch) PUMA","G6120","S",95438874,2539559,"+34.2485533","-118.5778453",0.569986550378,0.00958884218754,0,0,0,0,0,0,182380,95.438874,36.849128375013,4949,"4,949",59463,"$ 59,463",119792,0.656826406404211,24.2052939987876,"0.6568264",90545,91835,61950,58850,19772,2457,2492,1681,1597,537,"2,457","2,492","1,681","1,597","537",125171,59363,47.43,"47.43 %",182380,75555,9242,34659,56575,41.43,5.07,19,31.02,"41.43 %","5.07 %","19 %","31.02 %"
"5","0603706","06","03706","Los Angeles County (North)--LA City (North Central/Granada Hills & Sylmar) PUMA","G6120","S",75991868,918554,"+34.2893278","-118.4750950",0.482197507659,0.00753132044849,1,0,27,67,35,44,143740,75.991868,29.3406028594705,4899,"4,899",41142,"$ 41,142",91015,0.633191874217337,18.5782812818943,"0.6331919",71538,72202,49747,44520,12397,2438,2461,1696,1517,423,"2,438","2,461","1,696","1,517","423",95689,32725,34.2,"34.2 %",143740,36722,4601,15607,83284,25.55,3.2,10.86,57.94,"25.55 %","3.2 %","10.86 %","57.94 %"
"6","0603707","06","03707","Los Angeles County--LA (North Central/Arleta & Pacoima) & San Fernando Cities PUMA","G6120","S",50207422,624483,"+34.2756280","-118.4108461",0.555366868165,0.00497635377432,0,0,0,0,0,0,155127,50.207422,19.3851798655593,8002,"8,002",35489,"$ 35,489",81531,0.525575818522888,10.1888277930517,"0.5255758",77968,77159,59829,41306,9993,4022,3980,3086,2131,515,"4,022","3,980","3,086","2,131","515",97966,16102,16.44,"16.44 %",155127,9250,5279,6102,133171,5.96,3.4,3.93,85.85,"5.96 %","3.4 %","3.93 %","85.85 %"
"1","0603701","06","03701","Los Angeles County (North/Unincorporated)--Castaic PUMA","G6120","S",5447010771,33374154,"+34.5372469","-118.1734319",5.99290125272,0.538136069403,0,0,0,0,0,0,140364,5447.010771,2103.10108185746,67,"67",41278,"$ 41,278",97289,0.693119318343735,1452.07462686567,"0.6931193",72764,67600,43372,48439,8962,35,32,21,23,4,"35","32","21","23","4",91459,33732,36.88,"36.88 %",140364,70888,7449,10272,45884,50.5,5.31,7.32,32.69,"50.5 %","5.31 %","7.32 %","32.69 %"
"44","0603745","06","03745","Los Angeles County (Central)--LA City (Southeast/East Vernon) PUMA","G6120","S",14553755,515,"+34.0061860","-118.2598127",0.155956372335,0.00142037466475,0,0,0,0,0,0,125455,14.553755,5.61923212058734,22326,"22,326",28305,"$ 28,305",41348,0.329584313100315,1.85201110812506,"0.3295843",62587,62868,48875,27310,4169,11138,11188,8698,4860,742,"11,138","11,188","8,698","4,860","742",69390,4956,7.14,"7.14 %",125455,943,10981,712,111973,0.75,8.75,0.57,89.25,"0.75 %","8.75 %","0.57 %","89.25 %"
"31","0603732","06","03732","Los Angeles County (Central)--LA City (East Central/Hollywood) PUMA","G6120","S",26937486,26402,"+34.0986967","-118.3125317",0.350622770223,0.00263427269986,3,0,11.4,849,14.5,42,178333,26.937486,10.4006139019842,17146,"17,146",77402,"$ 77,402",93660,0.525197243359333,5.46249854193398,"0.5251972",91819,86514,85960,50843,13057,8828,8318,8265,4888,1255,"8,828","8,318","8,265","4,888","1,255",135718,63067,46.47,"46.47 %",178333,69912,7580,22937,72137,39.2,4.25,12.86,40.45,"39.2 %","4.25 %","12.86 %","40.45 %"
"38","0603739","06","03739","Los Angeles County (Southeast)--Whittier City & Hacienda Heights PUMA","G6120","S",95855638,299743,"+33.9760214","-118.0085550",0.53480376135,0.00938169273051,0,0,0,0,0,0,168659,95.855638,37.0100417376129,4557,"4,557",51919,"$ 51,919",112166,0.665046039642118,24.6140004388852,"0.665046",84033,84626,57448,52177,17826,2271,2287,1552,1410,482,"2,271","2,287","1,552","1,410","482",115490,41265,35.73,"35.73 %",168659,31485,1887,26291,106251,18.67,1.12,15.59,63,"18.67 %","1.12 %","15.59 %","63 %"
"52","0603753","06","03753","Los Angeles County (South)--Downey City PUMA","G6120","S",31301098,405526,"+33.9371281","-118.1317340",0.257601221521,0.00309185533986,2,0,15.6,35,18.9,29,111986,31.301098,12.0854126849911,9266,"9,266",32307,"$ 32,307",67529,0.603012876609576,7.28782646233542,"0.6030129",54948,57038,42168,31047,8226,4547,4720,3489,2569,681,"4,547","4,720","3,489","2,569","681",72337,21964,30.36,"30.36 %",111986,15423,3908,7959,82916,13.77,3.49,7.11,74.04,"13.77 %","3.49 %","7.11 %","74.04 %"
"33","0603734","06","03734","Los Angeles County--LA City (East Central/Silver Lake, Echo Park & Westlake) PUMA","G6120","S",30212485,816883,"+34.0809927","-118.2607303",0.290310756403,0.00303083218699,3,0,12.9,267,20.3,33,204861,30.212485,11.6650971625373,17562,"17,562",74893,"$ 74,893",91065,0.444520919062193,5.18534335497096,"0.4445209",105647,99214,92614,51599,14872,9057,8505,7939,4423,1275,"9,057","8,505","7,939","4,423","1,275",143886,54047,37.56,"37.56 %",204861,39751,7278,33902,119203,19.4,3.55,16.55,58.19,"19.4 %","3.55 %","16.55 %","58.19 %"
"67","0603768","06","03768","Los Angeles County (Southwest)--Palos Verdes Peninsula PUMA","G6120","S",418111727,1259773657,"+33.3800490","-118.5008890",1.1466767228,0.0231745266556,1,0,10.4,18,16.4,24,112490,418.111727,161.433722524025,697,"697",42577,"$ 42,577",85689,0.761747710907636,122.939741750359,"0.7617477",53537,58953,26033,42346,17926,332,365,161,262,111,"332","365","161","262","111",81615,53149,65.12,"65.12 %",112490,60038,2193,25947,18276,53.37,1.95,23.07,16.25,"53.37 %","1.95 %","23.07 %","16.25 %"
"59","0603760","06","03760","Los Angeles County--Redondo Beach, Manhattan Beach & Hermosa Beach Cities PUMA","G6120","S",44092678,214590728,"+33.9056788","-118.4638374",1.12333779928,0.0252165635697,6,68,2.6,440,3.3,9,140327,44.092678,17.0242657307557,8243,"8,243",57145,"$ 57,145",106333,0.757751537480314,12.8997937644062,"0.7577515",70338,69989,47584,48165,11609,4132,4111,2795,2829,682,"4,132","4,111","2,795","2,829","682",102392,72223,70.54,"70.54 %",140327,95268,2563,14773,19465,67.89,1.83,10.53,13.87,"67.89 %","1.83 %","10.53 %","13.87 %"
"25","0603726","06","03726","Los Angeles County--Calabasas, Agoura Hills, Malibu & Westlake Village Cities PUMA","G6120","S",476062972,191610068,"+34.0618704","-118.7415912",1.2514264907,0.0652038452168,1,0,21.4,912,32.6,47,103224,476.062972,183.808806983811,562,"562",38233,"$ 38,233",80054,0.775536696892196,142.444839857651,"0.7755367",49607,53617,24989,40366,12253,270,292,136,220,67,"270","292","136","220","67",72255,51075,70.69,"70.69 %",103224,79968,1809,8058,8971,77.47,1.75,7.81,8.69,"77.47 %","1.75 %","7.81 %","8.69 %"
"32","0603733","06","03733","Los Angeles County (Central)--LA City (Central/Koreatown) PUMA","G6120","S",7452980,0,"+34.0618113","-118.2965633",0.111536730388,0.000727815037856,0,0,0,0,0,0,116460,7.45298,2.8776095660601,40471,"40,471",44504,"$ 44,504",47044,0.403949854027134,1.16241259173235,"0.4039499",58456,58004,53268,31456,6414,20314,20157,18511,10931,2229,"20,314","20,157","18,511","10,931","2,229",81957,28246,34.46,"34.46 %",116460,7915,5134,39015,61447,6.8,4.41,33.5,52.76,"6.8 %","4.41 %","33.5 %","52.76 %"
"39","0603740","06","03740","Los Angeles County (Central)--Pico Rivera & Montebello Cities PUMA","G6120","S",43131089,1465036,"+34.0025300","-118.0992977",0.390049552805,0.00435202839347,1,0,15.3,140,25.4,38,130851,43.131089,16.6529944131058,7858,"7,858",37728,"$ 37,728",74866,0.572146945762738,9.52736065156528,"0.5721469",63386,67465,47004,37268,13485,3806,4051,2823,2238,810,"3,806","4,051","2,823","2,238","810",87846,20143,22.93,"22.93 %",130851,8891,1235,10766,108649,6.79,0.94,8.23,83.03,"6.79 %","0.94 %","8.23 %","83.03 %"
"43","0603744","06","03744","Los Angeles County (Central)--LA City (East Central/Central City & Boyle Heights) PUMA","G6120","S",39641220,452276,"+34.0432949","-118.2266539",0.325860586521,0.00391447097167,11,0,12,310,18.1,33,177455,39.64122,15.3055494422758,11594,"11,594",60731,"$ 60,731",67972,0.383037953283931,5.86268759703295,"0.383038",95312,82143,76488,46032,13542,6227,5367,4997,3008,885,"6,227","5,367","4,997","3,008","885",120830,31961,26.45,"26.45 %",177455,18571,12058,24973,118545,10.47,6.79,14.07,66.8,"10.47 %","6.79 %","14.07 %","66.8 %"
"40","0603741","06","03741","Los Angeles County (Central)--Bell Gardens, Bell, Maywood, Cudahy & Commerce Cities PUMA","G6120","S",36512513,514586,"+33.9844402","-118.1647577",0.382643420154,0.00361262282053,1,0,14.7,1261,19.4,27,145928,36.512513,14.0975497974896,10351,"10,351",34818,"$ 34,818",63606,0.435872485061126,6.14491353492416,"0.4358725",73390,72538,55928,33236,7400,5206,5145,3967,2358,525,"5,206","5,145","3,967","2,358","525",84269,8862,10.52,"10.52 %",145928,4286,1211,995,138659,2.94,0.83,0.68,95.02,"2.94 %","0.83 %","0.68 %","95.02 %"
"42","0603743","06","03743","Los Angeles County (Central)--East Los Angeles PUMA","G6120","S",18573585,0,"+34.0324122","-118.1695919",0.261623014431,0.00181317230648,0,0,0,0,0,0,120896,18.573585,7.17129602816999,16858,"16,858",31043,"$ 31,043",53238,0.440361964002118,3.15802586309171,"0.440362",59900,60996,46715,29316,8211,8353,8506,6514,4088,1145,"8,353","8,506","6,514","4,088","1,145",73684,8445,11.46,"11.46 %",120896,2266,275,1192,116717,1.87,0.23,0.99,96.54,"1.87 %","0.23 %","0.99 %","96.54 %"
"12","0603713","06","03713","Los Angeles County (East Central)--Covina & Walnut Cities PUMA","G6120","S",63192479,46680,"+34.0604954","-117.8675254",0.55845038795,0.00617544403174,1,0,30.5,653,38.4,53,112091,63.192479,24.3987347441496,4594,"4,594",33338,"$ 33,338",75184,0.670740737436547,16.3656943839791,"0.6707407",54691,57400,36669,36749,10457,2242,2353,1503,1506,429,"2,242","2,353","1,503","1,506","429",75718,32348,42.72,"42.72 %",112091,21148,3376,33560,51009,18.87,3.01,29.94,45.51,"18.87 %","3.01 %","29.94 %","45.51 %"
"11","0603712","06","03712","Los Angeles County (East Central)--Pomona City PUMA","G6120","S",56729948,26188,"+34.0579785","-117.7621676",0.40561293091,0.0055422406751,0,0,0,0,0,0,150863,56.729948,21.903539395905,6888,"6,888",38198,"$ 38,198",82437,0.546436170565347,11.9682055749129,"0.5464362",75096,75767,57752,38688,9337,3428,3459,2637,1766,426,"3,428","3,459","2,637","1,766","426",91277,21749,23.83,"23.83 %",150863,16994,9054,14234,107409,11.26,6,9.44,71.2,"11.26 %","6 %","9.44 %","71.2 %"
"76","0607114","06","07114","San Bernardino County (Southwest)--Chino & Chino Hills Cities PUMA","G6120","S",212122006,373575,"+33.9659673","-117.6941552",0.780781354303,0.0207284634318,2,0,42.1,337,52,61,167118,212.122006,81.9007046359252,2040,"2,040",44702,"$ 44,702",105828,0.633253150468531,51.8764705882353,"0.6332532",89917,77201,61206,53818,10733,1098,943,747,657,131,"1,098","943","747","657","131",113900,44931,39.45,"39.45 %",167118,46200,8580,36331,69461,27.65,5.13,21.74,41.56,"27.65 %","5.13 %","21.74 %","41.56 %"
"75","0605913","06","05913","Orange County (Northwest)--Garden Grove City (East) PUMA","G6120","S",38553798,45894,"+33.7768788","-117.9423840",0.314400534413,0.00375710797246,1,0,29.1,1046,35,41,163052,38.553798,14.8856937671574,10954,"10,954",43062,"$ 43,062",96338,0.590842185315114,8.79477816322805,"0.5908422",82225,80827,58763,49727,13587,5524,5430,3948,3341,913,"5,524","5,430","3,948","3,341","913",109627,28378,25.89,"25.89 %",163052,26897,1445,67625,63941,16.5,0.89,41.47,39.22,"16.5 %","0.89 %","41.47 %","39.22 %"
"34","0603735","06","03735","Los Angeles County--LA City (Mount Washington, Highland Park & Glassell Park) PUMA","G6120","S",50045674,198430,"+34.1058139","-118.2018507",0.403360569222,0.00490906539374,0,0,0,0,0,0,200048,50.045674,19.322728659184,10353,"10,353",61861,"$ 61,861",108947,0.544604294969207,10.5232299816478,"0.5446043",97980,102068,78414,55491,17450,5071,5282,4058,2872,903,"5,071","5,282","4,058","2,872","903",135582,47123,34.76,"34.76 %",200048,31882,3283,30983,129535,15.94,1.64,15.49,64.75,"15.94 %","1.64 %","15.49 %","64.75 %"
"15","0603716","06","03716","Los Angeles County (East Central)--La Puente & Industry Cities PUMA","G6120","S",43053858,1214462,"+34.0361759","-117.9686888",0.411765322159,0.0043217191948,0,0,0,0,0,0,114431,43.053858,16.6231753790555,6884,"6,884",25307,"$ 25,307",63436,0.554360269507389,9.21499128413713,"0.5543603",56625,57806,42453,32467,9206,3406,3477,2554,1953,554,"3,406","3,477","2,554","1,953","554",74469,12772,17.15,"17.15 %",114431,4900,1185,13306,94052,4.28,1.04,11.63,82.19,"4.28 %","1.04 %","11.63 %","82.19 %"
"55","0603756","06","03756","Los Angeles County (Southeast)--Bellflower & Paramount Cities PUMA","G6120","S",24111319,208710,"+33.8932231","-118.1488814",0.313937831167,0.00237027818802,1,0,13.5,1014,16.1,24,118500,24.111319,9.30942551901745,12729,"12,729",33894,"$ 33,894",65210,0.550295358649789,5.12294759996858,"0.5502954",58233,60267,43559,31433,7100,6255,6474,4679,3376,763,"6,255","6,474","4,679","3,376","763",72029,14891,20.67,"20.67 %",118500,12771,13657,9920,79698,10.78,11.52,8.37,67.26,"10.78 %","11.52 %","8.37 %","67.26 %"
"50","0603751","06","03751","Los Angeles County (South Central)--LA City (South Central/Watts) PUMA","G6120","S",22173095,23351,"+33.9515695","-118.2618787",0.267344125017,0.00216482636317,0,0,0,0,0,0,161224,22.173095,8.56107359487875,18832,"18,832",38055,"$ 38,055",61444,0.38110951223143,3.26274426508071,"0.3811095",77050,84174,58880,36901,6027,9000,9832,6878,4310,704,"9,000","9,832","6,878","4,310","704",87594,8382,9.57,"9.57 %",161224,1121,38195,660,119874,0.7,23.69,0.41,74.35,"0.7 %","23.69 %","0.41 %","74.35 %"
"29","0603730","06","03730","Los Angeles County (West Central)--LA City (Central/Hancock Park & Mid-Wilshire) PUMA","G6120","S",29957044,3300,"+34.0598160","-118.3509415",0.359187220803,0.00292566176533,0,0,0,0,0,0,168429,29.957044,11.5664709130151,14562,"14,562",72692,"$ 72,692",105612,0.627041661471599,7.25257519571487,"0.6270417",79749,88680,74638,46026,15719,6895,7667,6453,3979,1359,"6,895","7,667","6,453","3,979","1,359",125992,74047,58.77,"58.77 %",168429,73442,15359,34106,38550,43.6,9.12,20.25,22.89,"43.6 %","9.12 %","20.25 %","22.89 %"
"7","0603708","06","03708","Los Angeles County (North)--LA City (Northeast/Sunland, Sun Valley & Tujunga) PUMA","G6120","S",100668682,669173,"+34.2409052","-118.3395988",0.666189533097,0.00991714049703,0,0,0,0,0,0,133211,100.668682,38.8683670593323,3427,"3,427",41015,"$ 41,015",81871,0.614596392189834,23.8899912459877,"0.6145964",65431,67780,47265,43889,11578,1683,1744,1216,1129,298,"1,683","1,744","1,216","1,129","298",92423,27425,29.67,"29.67 %",133211,49980,2716,9703,68077,37.52,2.04,7.28,51.1,"37.52 %","2.04 %","7.28 %","51.1 %"
"18","0603719","06","03719","Los Angeles County (Central)--Glendale City PUMA","G6120","S",78769397,331081,"+34.1813929","-118.2458301",0.56818650283,0.00773526119272,0,0,0,0,0,0,198463,78.769397,30.4130120193514,6526,"6,526",72351,"$ 72,351",119412,0.601683941087256,18.2978853815507,"0.6016839",94225,104238,69908,65780,23508,3098,3427,2299,2163,773,"3,098","3,427","2,299","2,163","773",147845,71664,48.47,"48.47 %",198463,122397,3140,30450,36370,61.67,1.58,15.34,18.33,"61.67 %","1.58 %","15.34 %","18.33 %"
"16","0603717","06","03717","Los Angeles County (East Central)--Arcadia, San Gabriel & Temple City Cities PUMA","G6120","S",72249175,469843,"+34.1221968","-118.0617712",0.595282176117,0.00710627952924,1,0,26,1211,37.1,51,193465,72.249175,27.89554206773,6935,"6,935",62545,"$ 62,545",125355,0.647946657018065,18.0757029560202,"0.6479467",92497,100968,60340,66606,22772,3316,3620,2163,2388,816,"3,316","3,620","2,163","2,388","816",139223,72537,52.1,"52.1 %",193465,38199,2801,105324,42119,19.74,1.45,54.44,21.77,"19.74 %","1.45 %","54.44 %","21.77 %"
"69","0605906","06","05906","Orange County (North)--Yorba Linda, La Habra & Brea Cities PUMA","G6120","S",138779813,173649,"+33.9098619","-117.8241033",0.769877307428,0.0135457161036,0,0,0,0,0,0,186672,138.779813,53.583146266974,3484,"3,484",60926,"$ 60,926",133427,0.714767078083483,38.2970723306544,"0.7147671",91815,94857,60793,60265,17068,1714,1770,1135,1125,319,"1,714","1,770","1,135","1,125","319",126344,63891,50.57,"50.57 %",186672,85415,2144,30411,63004,45.76,1.15,16.29,33.75,"45.76 %","1.15 %","16.29 %","33.75 %"
"73","0605910","06","05910","Orange County (North Central)--Anaheim City (East) PUMA","G6120","S",78546841,1501183,"+33.7717445","-117.8920500",0.736351114577,0.00779699493791,1,0,29.7,978,34.6,38,199211,78.546841,30.3270827300492,6569,"6,569",56718,"$ 56,718",116793,0.586277866182088,17.7794184807429,"0.5862779",101280,97931,76814,54971,12989,3340,3229,2533,1813,428,"3,340","3,229","2,533","1,813","428",129189,44236,34.24,"34.24 %",199211,51734,3701,26990,112201,25.97,1.86,13.55,56.32,"25.97 %","1.86 %","13.55 %","56.32 %"
"3","0603704","06","03704","Los Angeles County (North Central)--Palmdale City PUMA","G6120","S",333316950,2536867,"+34.5910383","-118.1054031",0.96742538907,0.0330004011256,1,0,48.7,416,68.1,75,169291,333.31695,128.694299977992,1315,"1,315",47827,"$ 47,827",99735,0.589133503848403,75.8441064638783,"0.5891335",84626,84665,54772,47741,9589,658,658,426,371,75,"658","658","426","371","75",100070,22302,22.29,"22.29 %",169291,40078,19594,7194,97657,23.67,11.57,4.25,57.69,"23.67 %","11.57 %","4.25 %","57.69 %"
"57","0603758","06","03758","Los Angeles County (South Central)--Gardena, Lawndale Cities & West Athens PUMA","G6120","S",35169457,233577,"+33.8984586","-118.3124434",0.444806748173,0.00345076429805,6,0,5.1,579,7.3,14,158314,35.169457,13.5789933551867,11659,"11,659",50706,"$ 50,706",87342,0.551701049812398,7.49138004974698,"0.551701",76113,82201,55943,46220,14601,5605,6054,4120,3404,1075,"5,605","6,054","4,120","3,404","1,075",105412,28170,26.72,"26.72 %",158314,14222,39738,22742,75838,8.98,25.1,14.37,47.9,"8.98 %","25.1 %","14.37 %","47.9 %"
"2","0603702","06","03702","Los Angeles County (Northwest)--Santa Clarita City PUMA","G6120","S",164617293,118499,"+34.4140833","-118.4947294",0.756882741136,0.0161531098115,0,0,0,0,0,0,195370,164.617293,63.5590457878216,3074,"3,074",63609,"$ 63,609",130875,0.669882786507652,42.574821080026,"0.6698828",96541,98829,64634,60842,14054,1519,1555,1017,957,221,"1,519","1,555","1,017","957","221",126946,57702,45.45,"45.45 %",195370,90789,8351,22189,65457,46.47,4.27,11.36,33.5,"46.47 %","4.27 %","11.36 %","33.5 %"
"8","0603709","06","03709","Los Angeles County (Central)--San Gabriel Valley Region (North) PUMA","G6120","S",256284228,278067,"+34.2120817","-118.1097871",1.25780096501,0.0251001646073,1,0,23.7,306,31.3,49,112480,256.284228,98.951821435604,1137,"1,137",39190,"$ 39,190",83360,0.741109530583215,73.3157431838171,"0.7411095",55275,57205,31209,42426,12785,559,578,315,429,129,"559","578","315","429","129",80330,50223,62.52,"62.52 %",112480,56263,10595,18052,22497,50.02,9.42,16.05,20,"50.02 %","9.42 %","16.05 %","20 %"
"9","0603710","06","03710","Los Angeles County--Baldwin Park, Azusa, Duarte & Irwindale Cities PUMA","G6120","S",98203397,2474020,"+34.1259249","-117.9480445",0.63468072379,0.00983911950265,0,0,0,0,0,0,178971,98.203397,37.9165158938838,4720,"4,720",45997,"$ 45,997",100730,0.562828614691766,21.3411016949153,"0.5628286",87653,91318,66186,51000,13814,2312,2408,1746,1345,364,"2,312","2,408","1,746","1,345","364",114671,30216,26.35,"26.35 %",178971,25244,5470,28908,115298,14.11,3.06,16.15,64.42,"14.11 %","3.06 %","16.15 %","64.42 %"
"10","0603711","06","03711","Los Angeles County (East Central)--Glendora, Claremont, San Dimas & La Verne Cities PUMA","G6120","S",160622070,2104717,"+34.1267186","-117.7921926",0.835935800143,0.0159030391588,0,0,0,0,0,0,169697,160.62207,62.0164826891224,2736,"2,736",56297,"$ 56,297",117405,0.691850769312363,42.9111842105263,"0.6918508",82014,87683,51281,56088,19879,1322,1414,827,904,321,"1,322","1,414","827","904","321",115401,57208,49.57,"49.57 %",169697,80972,5561,19527,57400,47.72,3.28,11.51,33.82,"47.72 %","3.28 %","11.51 %","33.82 %"
"22","0603723","06","03723","Los Angeles County (North)--LA City (North Central/Mission Hills & Panorama City) PUMA","G6120","S",26623451,201918,"+34.2417993","-118.4550489",0.289729343209,0.0026249460402,0,0,0,0,0,0,147267,26.623451,10.2793643990903,14326,"14,326",39383,"$ 39,383",72575,0.49281237480223,5.06596398157197,"0.4928124",72650,74617,56020,39270,8856,7068,7259,5450,3820,862,"7,068","7,259","5,450","3,820","862",91513,21646,23.65,"23.65 %",147267,16815,4041,20429,104042,11.42,2.74,13.87,70.65,"11.42 %","2.74 %","13.87 %","70.65 %"
"19","0603720","06","03720","Los Angeles County (Central)--Burbank City PUMA","G6120","S",73596866,872201,"+34.1683440","-118.3157654",0.531265546065,0.0072811046284,2,0,16,137,26.5,42,119312,73.596866,28.415888092232,4199,"4,199",47792,"$ 47,792",81447,0.682638795762371,19.3967611336032,"0.6826388",57644,61668,44718,37755,12386,2029,2170,1574,1329,436,"2,029","2,170","1,574","1,329","436",88038,44274,50.29,"50.29 %",119312,65531,2881,14570,30534,54.92,2.41,12.21,25.59,"54.92 %","2.41 %","12.21 %","25.59 %"
"35","0603736","06","03736","Los Angeles County (Central)--Alhambra & South Pasadena Cities PUMA","G6120","S",29902279,56845,"+34.0935109","-118.1435430",0.29875644651,0.00292670409417,0,0,0,0,0,0,117877,29.902279,11.5453260437299,10210,"10,210",41633,"$ 41,633",73272,0.621597088490545,7.17649363369246,"0.6215971",57661,60216,42891,37675,12540,4994,5216,3715,3263,1086,"4,994","5,216","3,715","3,263","1,086",85498,40308,47.14,"47.14 %",117877,19246,2253,51201,41801,16.33,1.91,43.44,35.46,"16.33 %","1.91 %","43.44 %","35.46 %"
"13","0603714","06","03714","Los Angeles County--Diamond Bar, La Habra Heights (East) Cities & Rowland Heights PUMA","G6120","S",113775599,285787,"+33.9836736","-117.8618029",0.618477149762,0.0111284129888,0,0,0,0,0,0,112300,113.775599,43.9289723126344,2556,"2,556",34169,"$ 34,169",77522,0.690311665182547,30.329420970266,"0.6903117",55073,57227,36148,40896,11779,1254,1303,823,931,268,"1,254","1,303","823","931","268",81564,44309,54.32,"54.32 %",112300,18848,2893,62430,24983,16.78,2.58,55.59,22.25,"16.78 %","2.58 %","55.59 %","22.25 %"
"70","0605907","06","05907","Orange County (North Central)--Fullerton & Placentia Cities PUMA","G6120","S",77186331,93520,"+33.8827821","-117.9154547",0.461243179263,0.00753123547237,1,0,30,1039,36.4,42,194874,77.186331,29.8017872655879,6539,"6,539",62447,"$ 62,447",124384,0.63827909315763,19.0218687872763,"0.6382791",96603,98271,71115,55749,18064,3242,3297,2386,1871,606,"3,242","3,297","2,386","1,871","606",127472,59813,46.92,"46.92 %",194874,64281,4759,43652,75995,32.99,2.44,22.4,39,"32.99 %","2.44 %","22.4 %","39 %"
"60","0603761","06","03761","Los Angeles County (South Central)--Torrance City PUMA","G6120","S",46361014,192739,"+33.8378688","-118.3386877",0.330425422772,0.00453451743715,8,0,6,291,7.6,18,127455,46.361014,17.9000745176622,7120,"7,120",46847,"$ 46,847",88654,0.695570985838139,12.451404494382,"0.695571",62718,64737,41342,42778,14347,3504,3617,2310,2390,802,"3,504","3,617","2,310","2,390","802",90407,50852,56.25,"56.25 %",127455,46258,3318,47055,23476,36.29,2.6,36.92,18.42,"36.29 %","2.6 %","36.92 %","18.42 %"
"58","0603759","06","03759","Los Angeles County (South Central)--Hawthorne City PUMA","G6120","S",21698022,28372,"+33.9176993","-118.3497524",0.287573816236,0.00211815257976,0,8,0,0,0,0,114536,21.698022,8.37764701794216,13672,"13,672",36438,"$ 36,438",61908,0.540511280296151,4.52808660035108,"0.5405113",56971,57565,45446,29636,6382,6800,6871,5425,3538,762,"6,800","6,871","5,425","3,538","762",72741,19160,26.34,"26.34 %",114536,11619,20670,7514,69275,10.14,18.05,6.56,60.48,"10.14 %","18.05 %","6.56 %","60.48 %"
"48","0603749","06","03749","Los Angeles County (Central)--Inglewood City PUMA","G6120","S",23758574,64076,"+33.9560678","-118.3442743",0.245693314619,0.00232354552548,1,2,2.4,509,2.9,12,115075,23.758574,9.17323001247109,12545,"12,545",37620,"$ 37,620",61470,0.534173365196611,4.89996014348346,"0.5341734",54550,60525,42750,32762,8044,5947,6598,4660,3571,877,"5,947","6,598","4,660","3,571","877",74886,19188,25.62,"25.62 %",115075,4166,45196,1785,61243,3.62,39.28,1.55,53.22,"3.62 %","39.28 %","1.55 %","53.22 %"
"78","0611102","06","11102","Ventura County (Southeast)--Thousand Oaks City PUMA","G6120","S",220970066,316094,"+34.1934011","-118.8210133",1.10730361097,0.0216427844523,0,0,0,0,0,0,153186,220.970066,85.316957208329,1795,"1,795",54782,"$ 54,782",115234,0.752248900030029,64.1972144846797,"0.7522489",75089,78097,41135,55663,18137,880,915,482,652,213,"880","915","482","652","213",106402,63743,59.91,"59.91 %",153186,105369,1609,14726,25801,68.79,1.05,9.61,16.84,"68.79 %","1.05 %","9.61 %","16.84 %"
"72","0605909","06","05909","Orange County (North Central)--Anaheim City (West) PUMA","G6120","S",36676314,13757,"+33.8213928","-117.9641550",0.373370923288,0.00357302106905,0,0,0,0,0,0,150326,36.676314,14.160793671018,10616,"10,616",41745,"$ 41,745",82635,0.549705307132499,7.78400527505652,"0.5497053",74089,76237,56142,40288,12246,5232,5384,3965,2845,865,"5,232","5,384","3,965","2,845","865",96664,26436,27.35,"27.35 %",150326,34397,3848,30635,77214,22.88,2.56,20.38,51.36,"22.88 %","2.56 %","20.38 %","51.36 %"
"63","0603764","06","03764","Los Angeles County (South)--Lakewood, Cerritos, Artesia & Hawaiian Gardens Cities PUMA","G6120","S",53373538,530944,"+33.8572932","-118.0924889",0.489589719836,0.00525155492068,2,0,17.9,40,22.6,31,161892,53.373538,20.6076231954564,7856,"7,856",49707,"$ 49,707",107369,0.663213747436563,13.667133401222,"0.6632137",78764,83128,54086,52208,16899,3822,4034,2625,2533,820,"3,822","4,034","2,625","2,533","820",111883,48930,43.73,"43.73 %",161892,41082,10888,52345,50437,25.38,6.73,32.33,31.15,"25.38 %","6.73 %","32.33 %","31.15 %"
"30","0603731","06","03731","Los Angeles County (Central)--West Hollywood & Beverly Hills Cities PUMA","G6120","S",34832993,5288,"+34.0915119","-118.3796476",0.400787970826,0.003403255849,1,0,11.8,772,14.7,39,112019,34.832993,13.4490839732972,8329,"8,329",59573,"$ 59,573",85562,0.763816852498237,10.2727818465602,"0.7638169",59394,52625,51224,35383,12579,4416,3913,3809,2631,935,"4,416","3,913","3,809","2,631","935",93613,64645,69.06,"69.06 %",112019,84449,4127,8472,10151,75.39,3.68,7.56,9.06,"75.39 %","3.68 %","7.56 %","9.06 %"
"21","0603722","06","03722","Los Angeles County (Northwest)--LA City (North Central/Van Nuys & North Sherman Oaks) PUMA","G6120","S",34127557,154143,"+34.1851620","-118.4498050",0.285427081377,0.00335256651596,0,0,0,0,0,0,168677,34.127557,13.1767138097058,12801,"12,801",60114,"$ 60,114",94400,0.55964950763886,7.37442387313491,"0.5596495",83453,85224,67942,47468,10987,6333,6468,5156,3602,834,"6,333","6,468","5,156","3,602","834",114780,42488,37.02,"37.02 %",168677,59333,7509,12006,85370,35.18,4.45,7.12,50.61,"35.18 %","4.45 %","7.12 %","50.61 %"
"17","0603718","06","03718","Los Angeles County (Central)--Pasadena City PUMA","G6120","S",51458650,307066,"+34.1532887","-118.1376979",0.445259428831,0.00506047688202,1,0,22.2,199,28.6,42,139599,51.45865,19.8682813447156,7026,"7,026",54381,"$ 54,381",86139,0.61704596737799,12.2600341588386,"0.617046",67416,72183,55591,40526,14949,3393,3633,2798,2040,752,"3,393","3,633","2,798","2,040","752",101850,59737,58.65,"58.65 %",139599,50792,13552,22382,48382,36.38,9.71,16.03,34.66,"36.38 %","9.71 %","16.03 %","34.66 %"
"37","0603738","06","03738","Los Angeles County (Central)--El Monte & South El Monte Cities PUMA","G6120","S",38512272,1138838,"+34.0620096","-118.0376005",0.334974487031,0.00387214022828,0,0,0,0,0,0,135201,38.512272,14.8696605006197,9092,"9,092",34245,"$ 34,245",66788,0.493990429064874,7.3457985041795,"0.4939904",68347,66854,49192,38663,11156,4596,4496,3308,2600,750,"4,596","4,496","3,308","2,600","750",88176,14195,16.1,"16.1 %",135201,5198,488,36388,91634,3.84,0.36,26.91,67.78,"3.84 %","0.36 %","26.91 %","67.78 %"
"14","0603715","06","03715","Los Angeles County (East Central)--West Covina City PUMA","G6120","S",40186889,118519,"+34.0543565","-117.9187162",0.423075133594,0.00393563854098,0,0,0,0,0,0,121048,40.186889,15.5162332673099,7801,"7,801",32361,"$ 32,361",74061,0.61183167008129,9.49378284835278,"0.6118317",59916,61132,42906,36557,10537,3862,3940,2765,2356,679,"3,862","3,940","2,765","2,356","679",80746,25503,31.58,"31.58 %",121048,12274,4243,27069,75596,10.14,3.51,22.36,62.45,"10.14 %","3.51 %","22.36 %","62.45 %"
